日期,净值,总资产,收益率,持仓占比,现金占比,上证指数,收益率,深证成指,收益率,中小板指,收益率,创业板指,收益率
2014-12-31,1.0000,100000000.00,0.00%,0.00%,100.00%,3234.67,0.00%,11014.62,0.00%,5461.18,0.00%,1471.76,0.00%
2015-01-05,1.0040,100402862.60,0.40%,76.37%,23.63%,3350.52,3.58%,11520.58,4.59%,5589.77,2.35%,1464.77,-0.47%
2015-01-06,1.0190,101902932.92,1.90%,79.91%,20.09%,3351.45,3.61%,11667.96,5.93%,5705.73,4.48%,1539.83,4.63%
2015-01-07,1.0183,101826220.45,1.83%,80.40%,19.60%,3373.95,4.31%,11613.36,5.44%,5663.68,3.71%,1523.39,3.51%
2015-01-08,1.0151,101505621.36,1.51%,81.26%,18.74%,3293.46,1.82%,11465.13,4.09%,5674.31,3.90%,1541.89,4.77%
2015-01-09,1.0093,100927091.90,0.93%,82.08%,17.92%,3285.40,1.57%,11324.75,2.82%,5667.02,3.77%,1553.24,5.54%
2015-01-12,0.9967,99672312.29,-0.33%,85.61%,14.39%,3229.32,-0.17%,11285.17,2.46%,5679.93,4.01%,1586.12,7.77%
2015-01-13,1.0107,101074679.60,1.07%,86.09%,13.91%,3235.30,0.02%,11355.80,3.10%,5825.68,6.67%,1601.17,8.79%
2015-01-14,1.0068,100676498.45,0.68%,86.52%,13.48%,3222.43,-0.38%,11237.78,2.03%,5784.22,5.92%,1588.01,7.90%
2015-01-15,1.0141,101410295.96,1.41%,86.85%,13.15%,3336.45,3.15%,11483.67,4.26%,5790.74,6.03%,1586.34,7.79%
2015-01-16,1.0254,102541950.08,2.54%,87.11%,12.89%,3376.50,4.38%,11532.79,4.70%,5890.85,7.87%,1639.56,11.40%
2015-01-19,0.9965,99650384.35,-0.35%,88.00%,12.00%,3116.35,-3.66%,10770.92,-2.21%,5743.56,5.17%,1630.07,10.76%
2015-01-20,1.0292,102916158.19,2.92%,88.46%,11.54%,3173.05,-1.90%,10996.48,-0.16%,5960.64,9.15%,1700.85,15.57%
2015-01-21,1.0518,105181071.98,5.18%,88.75%,11.25%,3323.61,2.75%,11372.17,3.25%,6081.27,11.35%,1722.58,17.04%
2015-01-22,1.0663,106625529.04,6.63%,88.90%,11.10%,3343.34,3.36%,11471.21,4.15%,6147.43,12.57%,1744.04,18.50%
2015-01-23,1.0573,105728409.74,5.73%,88.81%,11.19%,3351.76,3.62%,11436.29,3.83%,6056.39,10.90%,1697.29,15.32%
2015-01-26,1.0769,107685863.39,7.69%,89.09%,10.91%,3383.17,4.59%,11686.96,6.10%,6206.10,13.64%,1739.79,18.21%
2015-01-27,1.0822,108223393.88,8.22%,89.14%,10.86%,3352.96,3.66%,11551.87,4.88%,6236.16,14.19%,1743.68,18.48%
2015-01-28,1.0781,107812464.24,7.81%,89.21%,10.79%,3305.74,2.20%,11354.20,3.08%,6166.50,12.92%,1731.41,17.64%
2015-01-29,1.0726,107258175.29,7.26%,89.19%,10.81%,3262.30,0.85%,11249.04,2.13%,6138.39,12.40%,1711.37,16.28%
2015-01-30,1.0614,106144408.42,6.14%,89.27%,10.73%,3210.36,-0.75%,11150.69,1.24%,6046.60,10.72%,1680.58,14.19%
2015-02-02,1.0574,105739571.97,5.74%,89.57%,10.43%,3128.30,-3.29%,10963.13,-0.47%,6022.81,10.28%,1696.83,15.29%
2015-02-03,1.0742,107415420.94,7.42%,89.85%,10.15%,3204.90,-0.92%,11209.19,1.77%,6190.70,13.36%,1750.91,18.97%
2015-02-04,1.0721,107212235.91,7.21%,89.87%,10.13%,3174.12,-1.87%,11116.54,0.93%,6164.85,12.88%,1757.74,19.43%
2015-02-05,1.0687,106868007.73,6.87%,89.87%,10.13%,3136.53,-3.03%,11065.58,0.46%,6151.99,12.65%,1774.31,20.56%
2015-02-06,1.0493,104930873.04,4.93%,89.72%,10.28%,3075.90,-4.91%,10791.09,-2.03%,6025.35,10.33%,1730.97,17.61%
2015-02-09,1.0428,104278287.64,4.28%,89.89%,10.11%,3095.12,-4.31%,10868.13,-1.33%,5994.96,9.77%,1708.85,16.11%
2015-02-10,1.0541,105405459.96,5.41%,90.04%,9.96%,3141.59,-2.88%,11136.62,1.11%,6141.68,12.46%,1747.68,18.75%
2015-02-11,1.0661,106608503.52,6.61%,90.19%,9.81%,3157.70,-2.38%,11265.62,2.28%,6224.93,13.99%,1772.85,20.46%
2015-02-12,1.0750,107497448.47,7.50%,90.31%,9.69%,3173.41,-1.89%,11302.73,2.62%,6259.52,14.62%,1788.81,21.54%
2015-02-13,1.0910,109103579.65,9.10%,90.45%,9.55%,3203.83,-0.95%,11443.04,3.89%,6358.96,16.44%,1825.49,24.03%
2015-02-16,1.1107,111072545.98,11.07%,90.65%,9.35%,3222.36,-0.38%,11595.25,5.27%,6546.48,19.87%,1896.63,28.87%
2015-02-17,1.1169,111690733.81,11.69%,90.74%,9.26%,3246.90,0.38%,11718.55,6.39%,6568.06,20.27%,1894.31,28.71%
2015-02-25,1.1149,111492996.86,11.49%,90.72%,9.28%,3228.84,-0.18%,11539.70,4.77%,6516.06,19.32%,1876.75,27.52%
2015-02-26,1.1244,112435966.28,12.44%,90.80%,9.20%,3298.36,1.97%,11750.78,6.68%,6568.74,20.28%,1880.39,27.76%
2015-02-27,1.1360,113595046.05,13.60%,90.90%,9.10%,3310.30,2.34%,11757.67,6.75%,6630.62,21.41%,1928.04,31.00%
2015-03-02,1.1584,115841197.07,15.84%,91.11%,8.89%,3336.28,3.14%,11884.01,7.89%,6738.64,23.39%,1986.99,35.01%
2015-03-03,1.1528,115279621.69,15.28%,91.06%,8.94%,3263.05,0.88%,11526.21,4.64%,6645.02,21.68%,1961.74,33.29%
2015-03-04,1.1719,117188412.21,17.19%,91.21%,8.79%,3279.53,1.39%,11655.08,5.81%,6764.73,23.87%,2009.83,36.56%
2015-03-05,1.1777,117766858.23,17.77%,91.25%,8.75%,3248.48,0.43%,11566.38,5.01%,6802.25,24.56%,2014.79,36.90%
2015-03-06,1.1642,116419666.06,16.42%,91.15%,8.85%,3241.18,0.20%,11392.40,3.43%,6640.89,21.60%,1951.40,32.59%
2015-03-09,1.1794,117938946.28,17.94%,91.30%,8.70%,3302.40,2.09%,11533.23,4.71%,6736.91,23.36%,1994.39,35.51%
2015-03-10,1.1932,119316216.47,19.32%,91.40%,8.60%,3286.07,1.59%,11556.65,4.92%,6870.97,25.81%,2045.32,38.97%
2015-03-11,1.1934,119342193.95,19.34%,91.44%,8.56%,3290.89,1.74%,11525.08,4.63%,6841.91,25.28%,2035.83,38.33%
2015-03-12,1.1885,118853710.45,18.85%,91.40%,8.60%,3349.32,3.54%,11635.58,5.64%,6830.31,25.07%,2018.13,37.12%
2015-03-13,1.2045,120450320.58,20.45%,91.51%,8.49%,3372.90,4.27%,11713.61,6.35%,6932.04,26.93%,2069.07,40.58%
2015-03-16,1.2391,123910513.95,23.91%,91.78%,8.22%,3449.30,6.64%,12017.76,9.11%,7193.21,31.72%,2142.67,45.59%
2015-03-17,1.2546,125462968.25,25.46%,91.88%,8.12%,3502.85,8.29%,12169.51,10.49%,7221.12,32.23%,2137.46,45.23%
2015-03-18,1.2770,127700697.89,27.70%,92.03%,7.97%,3577.30,10.59%,12496.24,13.45%,7358.89,34.75%,2182.92,48.32%
2015-03-19,1.2862,128623463.11,28.62%,92.08%,7.92%,3582.27,10.75%,12429.11,12.84%,7373.49,35.02%,2183.88,48.39%
2015-03-20,1.3002,130018055.17,30.02%,92.17%,7.83%,3617.32,11.83%,12544.45,13.89%,7423.81,35.94%,2213.77,50.42%
2015-03-23,1.3328,133278658.71,33.28%,92.36%,7.64%,3687.73,14.01%,12780.32,16.03%,7671.22,40.47%,2293.65,55.84%
2015-03-24,1.3422,134215971.64,34.22%,92.42%,7.58%,3691.40,14.12%,12801.20,16.22%,7765.89,42.20%,2357.97,60.21%
2015-03-25,1.3566,135655741.66,35.66%,92.50%,7.50%,3660.73,13.17%,12757.09,15.82%,7900.50,44.67%,2385.01,62.05%
2015-03-26,1.3398,133984758.96,33.98%,92.40%,7.60%,3682.10,13.83%,12712.98,15.42%,7748.85,41.89%,2291.79,55.72%
2015-03-27,1.3547,135467774.83,35.47%,92.49%,7.51%,3691.10,14.11%,12874.41,16.88%,7877.50,44.25%,2323.82,57.89%
2015-03-30,1.3634,136344251.66,36.34%,92.53%,7.47%,3786.57,17.06%,13193.32,19.78%,7945.12,45.48%,2290.48,55.63%
2015-03-31,1.3678,136779699.24,36.78%,92.59%,7.41%,3747.89,15.87%,13160.66,19.48%,8005.85,46.60%,2335.17,58.67%
2015-04-01,1.4004,140044887.01,40.04%,92.76%,7.24%,3810.29,17.80%,13394.73,21.61%,8233.13,50.76%,2404.91,63.40%
2015-04-02,1.4294,142943722.93,42.94%,92.90%,7.10%,3825.78,18.27%,13426.09,21.89%,8384.17,53.52%,2475.32,68.19%
2015-04-03,1.4571,145709004.56,45.71%,93.04%,6.96%,3863.92,19.45%,13494.63,22.52%,8476.13,55.21%,2510.16,70.55%
2015-04-07,1.4859,148587022.12,48.59%,93.17%,6.83%,3961.37,22.47%,13768.73,25.00%,8596.26,57.41%,2556.70,73.72%
2015-04-08,1.4713,147131836.67,47.13%,93.10%,6.90%,3994.81,23.50%,13841.71,25.67%,8428.13,54.33%,2488.16,69.06%
2015-04-09,1.4576,145763343.13,45.76%,93.04%,6.96%,3957.53,22.35%,13796.73,25.26%,8280.24,51.62%,2496.49,69.63%
2015-04-10,1.4941,149412773.96,49.41%,93.20%,6.80%,4034.31,24.72%,14013.33,27.22%,8519.19,56.00%,2552.83,73.45%
2015-04-13,1.5258,152575758.83,52.58%,93.34%,6.66%,4121.71,27.42%,14149.50,28.46%,8715.12,59.58%,2577.78,75.15%
2015-04-14,1.5268,152681442.33,52.68%,93.35%,6.65%,4135.56,27.85%,14042.46,27.49%,8663.16,58.63%,2558.85,73.86%
2015-04-15,1.4743,147433360.14,47.43%,93.11%,6.89%,4084.15,26.26%,13646.61,23.90%,8340.26,52.72%,2441.74,65.91%
2015-04-16,1.4900,148999361.92,49.00%,93.18%,6.82%,4194.81,29.68%,13967.79,26.81%,8450.19,54.73%,2484.33,68.80%
2015-04-17,1.4969,149688212.51,49.69%,93.22%,6.78%,4287.29,32.54%,14149.33,28.46%,8442.21,54.59%,2463.99,67.42%
2015-04-20,1.4678,146783629.52,46.78%,93.08%,6.92%,4217.07,30.37%,13871.59,25.94%,8214.04,50.41%,2424.85,64.76%
2015-04-21,1.5175,151754495.91,51.75%,93.31%,6.69%,4293.62,32.74%,14439.00,31.09%,8532.51,56.24%,2566.09,74.36%
2015-04-22,1.5582,155816313.21,55.82%,93.48%,6.52%,4398.49,35.98%,14749.12,33.90%,8775.92,60.70%,2634.93,79.03%
2015-04-23,1.5746,157455628.63,57.46%,93.55%,6.45%,4414.51,36.47%,14743.21,33.85%,8886.08,62.71%,2706.19,83.87%
2015-04-24,1.5766,157655336.79,57.66%,93.55%,6.45%,4393.69,35.83%,14598.70,32.54%,8889.79,62.78%,2734.75,85.81%
2015-04-27,1.5870,158697977.74,58.70%,93.59%,6.41%,4527.40,39.96%,14809.41,34.45%,8935.33,63.62%,2747.50,86.68%
2015-04-28,1.5406,154064187.62,54.06%,93.40%,6.60%,4476.21,38.38%,14707.25,33.52%,8637.20,58.16%,2687.97,82.64%
2015-04-29,1.5726,157259096.80,57.26%,93.53%,6.47%,4476.62,38.39%,14871.95,35.02%,8798.15,61.10%,2797.52,90.08%
2015-04-30,1.5793,157926317.69,57.93%,93.55%,6.45%,4441.66,37.31%,14818.63,34.54%,8777.17,60.72%,2857.89,94.18%
2015-05-04,1.5914,159142308.90,59.14%,93.60%,6.40%,4480.46,38.51%,14860.53,34.92%,8812.71,61.37%,2845.25,93.32%
2015-05-05,1.5489,154891373.79,54.89%,93.42%,6.58%,4298.71,32.89%,14233.09,29.22%,8570.62,56.94%,2783.44,89.12%
2015-05-06,1.5356,153562826.12,53.56%,93.36%,6.64%,4229.27,30.75%,14136.16,28.34%,8615.40,57.76%,2846.56,93.41%
2015-05-07,1.5079,150793590.44,50.79%,93.23%,6.77%,4112.21,27.13%,14114.73,28.15%,8542.08,56.41%,2806.05,90.66%
2015-05-08,1.5675,156752459.00,56.75%,93.48%,6.52%,4205.92,30.03%,14481.25,31.47%,8937.74,63.66%,2973.60,102.04%
2015-05-11,1.6322,163223468.99,63.22%,93.74%,6.26%,4333.58,33.97%,14944.87,35.68%,9404.13,72.20%,3146.83,113.81%
2015-05-12,1.6659,166589895.37,66.59%,93.86%,6.14%,4401.22,36.06%,15066.29,36.78%,9597.21,75.74%,3250.30,120.84%
2015-05-13,1.6802,168015043.26,68.02%,93.91%,6.09%,4375.76,35.28%,15173.08,37.75%,9725.19,78.08%,3192.15,116.89%
2015-05-14,1.6925,169252702.10,69.25%,93.95%,6.05%,4378.31,35.36%,15024.46,36.40%,9706.71,77.74%,3141.59,113.46%
2015-05-15,1.6871,168711327.24,68.71%,93.93%,6.07%,4308.69,33.20%,14694.95,33.41%,9632.98,76.39%,3145.34,113.71%
2015-05-18,1.7254,172536622.25,72.54%,94.06%,5.94%,4283.49,32.42%,14672.62,33.21%,9929.34,81.82%,3278.48,122.76%
2015-05-19,1.7686,176857626.92,76.86%,94.20%,5.80%,4417.55,36.57%,15127.37,37.34%,10196.28,86.70%,3322.77,125.77%
2015-05-20,1.8065,180652715.02,80.65%,94.32%,5.68%,4446.29,37.46%,15337.08,39.24%,10387.25,90.20%,3406.28,131.44%
2015-05-21,1.8700,186997460.55,87.00%,94.51%,5.49%,4529.42,40.03%,15872.53,44.10%,10856.30,98.79%,3527.41,139.67%
2015-05-22,1.8932,189315216.68,89.32%,94.57%,5.43%,4657.60,43.99%,16045.79,45.68%,10929.20,100.13%,3516.63,138.94%
2015-05-25,1.9309,193090013.07,93.09%,94.67%,5.33%,4813.80,48.82%,16351.05,48.45%,11140.95,104.00%,3467.92,135.63%
2015-05-26,1.9980,199797230.59,99.80%,94.85%,5.15%,4910.90,51.82%,16903.47,53.46%,11564.42,111.76%,3618.23,145.84%
2015-05-27,2.0254,202537837.70,102.54%,94.91%,5.09%,4941.71,52.77%,16963.51,54.01%,11580.69,112.05%,3628.67,146.55%
2015-05-28,1.9182,191816625.28,91.82%,94.62%,5.38%,4620.27,42.84%,15912.95,44.47%,10851.55,98.70%,3432.98,133.26%
2015-05-29,1.9421,194206180.88,94.21%,94.68%,5.32%,4611.74,42.57%,16100.45,46.17%,10972.11,100.91%,3542.84,140.72%
2015-06-01,2.0389,203886283.15,103.89%,94.93%,5.07%,4828.74,49.28%,16917.52,53.59%,11500.13,110.58%,3718.75,152.67%
2015-06-02,2.1209,212090646.80,112.09%,95.12%,4.88%,4910.53,51.81%,17485.58,58.75%,11896.23,117.83%,3901.54,165.09%
2015-06-03,2.1336,213356766.18,113.36%,95.15%,4.85%,4909.98,51.79%,17538.50,59.23%,11788.46,115.86%,3982.25,170.58%
2015-06-04,2.1253,212531164.76,112.53%,95.12%,4.88%,4947.10,52.94%,17501.05,58.89%,11678.82,113.85%,3943.47,167.94%
2015-06-05,2.1546,215463291.39,115.46%,95.18%,4.82%,5023.10,55.29%,17649.08,60.23%,11718.20,114.57%,3885.83,164.03%
2015-06-08,2.1196,211958505.24,111.96%,95.10%,4.90%,5131.88,58.65%,17452.31,58.45%,11530.76,111.14%,3704.55,151.71%
2015-06-09,2.1208,212078536.24,112.08%,95.10%,4.90%,5113.53,58.09%,17399.00,57.96%,11503.86,110.65%,3705.54,151.78%
2015-06-10,2.1638,216380977.86,116.38%,95.19%,4.81%,5106.04,57.85%,17677.57,60.49%,11746.20,115.09%,3834.70,160.55%
2015-06-11,2.2051,220511230.50,120.51%,95.28%,4.72%,5121.59,58.33%,17889.68,62.42%,11934.71,118.54%,3862.14,162.42%
2015-06-12,2.2415,224146584.89,124.15%,95.35%,4.65%,5166.35,59.72%,18098.26,64.31%,11996.51,119.67%,3899.71,164.97%
2015-06-15,2.2053,220533368.40,120.53%,95.27%,4.73%,5062.99,56.52%,17702.55,60.72%,11702.62,114.29%,3696.03,151.13%
2015-06-16,2.1210,212101643.28,112.10%,95.08%,4.92%,4887.43,51.10%,17075.93,55.03%,11230.71,105.65%,3590.67,143.97%
2015-06-17,2.1616,216162159.12,116.16%,95.16%,4.84%,4967.90,53.58%,17405.57,58.02%,11385.37,108.48%,3741.36,154.21%
2015-06-18,2.0974,209741031.63,109.74%,95.01%,4.99%,4785.36,47.94%,16734.84,51.93%,10897.67,99.55%,3504.55,138.12%
2015-06-19,1.9669,196688051.76,96.69%,94.67%,5.33%,4478.36,38.45%,15725.47,42.77%,10273.54,88.12%,3314.98,125.24%
2015-06-23,1.9681,196808624.91,96.81%,94.67%,5.33%,4576.49,41.48%,16045.99,45.68%,10462.95,91.59%,3393.94,130.60%
2015-06-24,2.0095,200948996.81,100.95%,94.78%,5.22%,4690.15,45.00%,16312.31,48.10%,10585.61,93.83%,3383.40,129.89%
2015-06-25,1.9373,193725904.48,93.73%,94.58%,5.42%,4527.78,39.98%,15692.44,42.47%,10160.59,86.05%,3206.38,117.86%
2015-06-26,1.7899,178992208.80,78.99%,94.14%,5.86%,4192.87,29.62%,14398.79,30.72%,9306.01,70.40%,2920.70,98.45%
2015-06-29,1.6773,167725162.95,67.73%,93.75%,6.25%,4053.03,25.30%,13566.27,23.17%,8690.82,59.14%,2689.76,82.76%
2015-06-30,1.7426,174256196.08,74.26%,94.00%,6.00%,4277.22,32.23%,14337.97,30.17%,9232.48,69.06%,2858.61,94.23%
2015-07-01,1.6495,164945568.41,64.95%,93.66%,6.34%,4053.70,25.32%,13650.82,23.93%,8879.51,62.59%,2759.41,87.49%
2015-07-02,1.5475,154747206.44,54.75%,93.24%,6.76%,3912.77,20.96%,12924.19,17.34%,8440.75,54.56%,2649.32,80.01%
2015-07-03,1.4588,145884621.05,45.88%,93.19%,6.81%,3686.92,13.98%,12246.06,11.18%,8068.06,47.73%,2605.28,77.02%
2015-07-06,1.4023,140233739.35,40.23%,93.25%,6.75%,3775.91,16.73%,12075.77,9.63%,8028.18,47.00%,2493.83,69.45%
2015-07-07,1.3285,132851918.12,32.85%,93.47%,6.53%,3727.12,15.22%,11375.60,3.28%,7531.18,37.90%,2352.01,59.81%
2015-07-08,1.2925,129248238.96,29.25%,93.56%,6.44%,3507.19,8.42%,11040.89,0.24%,7427.08,36.00%,2364.05,60.63%
2015-07-09,1.3353,133532099.65,33.53%,93.79%,6.21%,3709.33,14.67%,11510.34,4.50%,7677.21,40.58%,2435.76,65.50%
2015-07-10,1.3846,138458281.54,38.46%,94.00%,6.00%,3877.80,19.88%,12038.15,9.29%,8001.47,46.52%,2535.89,72.30%
2015-07-13,1.4495,144954118.05,44.95%,94.26%,5.74%,3970.39,22.74%,12614.16,14.52%,8390.79,53.64%,2683.07,82.30%
2015-07-14,1.4827,148274588.92,48.27%,94.39%,5.61%,3924.49,21.33%,12728.51,15.56%,8555.75,56.66%,2726.05,85.22%
2015-07-15,1.4191,141913917.80,41.91%,94.13%,5.87%,3805.70,17.65%,12132.42,10.15%,8117.24,48.64%,2590.03,75.98%
2015-07-16,1.4360,143596563.62,43.60%,94.19%,5.81%,3823.18,18.19%,12357.61,12.19%,8277.09,51.56%,2627.08,78.50%
2015-07-17,1.5067,150674115.77,50.67%,94.46%,5.54%,3957.35,22.34%,13004.96,18.07%,8742.15,60.08%,2783.32,89.12%
2015-07-20,1.5416,154159128.95,54.16%,94.58%,5.42%,3992.11,23.42%,13202.40,19.86%,8890.12,62.79%,2848.30,93.53%
2015-07-21,1.5719,157193183.41,57.19%,94.69%,5.31%,4017.67,24.21%,13315.56,20.89%,8999.71,64.79%,2882.90,95.88%
2015-07-22,1.5934,159335308.89,59.34%,94.75%,5.25%,4026.05,24.47%,13416.54,21.81%,9059.04,65.88%,2897.37,96.86%
2015-07-23,1.6402,164021736.84,64.02%,94.90%,5.10%,4123.92,27.49%,13754.53,24.88%,9260.38,69.57%,2967.95,101.66%
2015-07-24,1.6224,162241352.27,62.24%,94.84%,5.16%,4070.91,25.85%,13518.52,22.73%,9075.25,66.18%,2897.82,96.89%
2015-07-27,1.5160,151602183.17,51.60%,94.47%,5.53%,3725.56,15.18%,12493.05,13.42%,8370.61,53.27%,2683.45,82.33%
2015-07-28,1.4670,146700950.60,46.70%,94.32%,5.68%,3663.00,13.24%,12316.78,11.82%,8250.61,51.08%,2581.96,75.43%
2015-07-29,1.5317,153171771.88,53.17%,94.56%,5.44%,3789.17,17.14%,12823.07,16.42%,8611.21,57.68%,2693.87,83.04%
2015-07-30,1.4927,149268196.77,49.27%,94.41%,5.59%,3705.77,14.56%,12395.92,12.54%,8306.54,52.10%,2561.19,74.02%
2015-07-31,1.4683,146831096.95,46.83%,94.32%,5.68%,3663.73,13.26%,12374.25,12.34%,8336.12,52.64%,2539.84,72.57%
2015-08-03,1.4111,141112103.40,41.11%,94.12%,5.88%,3622.91,12.00%,12161.58,10.41%,8233.48,50.76%,2399.27,63.02%
2015-08-04,1.4858,148581782.17,48.58%,94.41%,5.59%,3756.54,16.13%,12711.56,15.41%,8609.32,57.65%,2546.16,73.00%
2015-08-05,1.4774,147735806.66,47.74%,94.38%,5.62%,3694.57,14.22%,12524.69,13.71%,8472.71,55.14%,2502.04,70.00%
2015-08-06,1.4744,147435349.26,47.44%,94.37%,5.63%,3661.54,13.20%,12421.85,12.78%,8388.79,53.61%,2480.93,68.57%
2015-08-07,1.5216,152155657.20,52.16%,94.54%,5.46%,3744.20,15.75%,12753.05,15.78%,8605.33,57.57%,2576.99,75.10%
2015-08-10,1.5915,159153323.11,59.15%,94.78%,5.22%,3928.42,21.45%,13302.96,20.78%,8955.16,63.98%,2706.72,83.91%
2015-08-11,1.6028,160277358.25,60.28%,94.81%,5.19%,3927.91,21.43%,13323.09,20.96%,8924.75,63.42%,2698.91,83.38%
2015-08-12,1.5854,158539140.74,58.54%,94.76%,5.24%,3886.32,20.15%,13117.10,19.09%,8807.99,61.28%,2622.19,78.17%
2015-08-13,1.6254,162535407.98,62.54%,94.88%,5.12%,3954.56,22.26%,13395.18,21.61%,9012.29,65.02%,2684.26,82.38%
2015-08-14,1.6385,163847256.56,63.85%,94.92%,5.08%,3965.33,22.59%,13445.87,22.07%,9043.34,65.59%,2674.02,81.69%
2015-08-17,1.6669,166691281.84,66.69%,95.01%,4.99%,3993.67,23.46%,13573.90,23.24%,9103.32,66.69%,2666.29,81.16%
2015-08-18,1.5573,155727813.79,55.73%,94.66%,5.34%,3748.16,15.87%,12683.86,15.15%,8514.90,55.92%,2504.17,70.15%
2015-08-19,1.5923,159227814.10,59.23%,94.78%,5.22%,3794.11,17.30%,12960.66,17.67%,8684.99,59.03%,2570.69,74.67%
2015-08-20,1.5448,154484110.54,54.48%,94.61%,5.39%,3664.29,13.28%,12584.58,14.25%,8436.46,54.48%,2508.82,70.46%
2015-08-21,1.4667,146672807.32,46.67%,94.35%,5.65%,3507.74,8.44%,11902.05,8.06%,8009.02,46.65%,2341.95,59.13%
2015-08-24,1.3617,136168472.37,36.17%,94.01%,5.99%,3209.91,-0.77%,10970.29,-0.40%,7391.45,35.35%,2152.61,46.26%
2015-08-25,1.2696,126955624.78,26.96%,93.89%,6.11%,2964.97,-8.34%,10197.94,-7.41%,6856.56,25.55%,1990.71,35.26%
2015-08-26,1.2233,122333137.41,22.33%,94.02%,5.98%,2927.29,-9.50%,9899.72,-10.12%,6676.21,22.25%,1890.04,28.42%
2015-08-27,1.2601,126008271.29,26.01%,94.32%,5.68%,3083.59,-4.67%,10254.35,-6.90%,6933.04,26.95%,1959.49,33.14%
2015-08-28,1.3292,132919588.78,32.92%,94.61%,5.39%,3232.35,-0.07%,10800.00,-1.95%,7293.46,33.55%,2082.12,41.47%
2015-08-31,1.2870,128700389.79,28.70%,94.44%,5.56%,3205.99,-0.89%,10549.16,-4.23%,7133.33,30.62%,1996.87,35.68%
2015-09-01,1.2183,121827489.07,21.83%,94.22%,5.78%,3166.62,-2.10%,10162.52,-7.74%,6860.52,25.62%,1889.49,28.38%
2015-09-02,1.1840,118397750.38,18.40%,94.39%,5.61%,3160.17,-2.30%,10054.80,-8.71%,6849.93,25.43%,1855.03,26.04%
2015-09-07,1.1959,119587772.95,19.59%,94.45%,5.55%,3080.42,-4.77%,9991.76,-9.29%,6787.74,24.29%,1893.52,28.66%
2015-09-08,1.2448,124482059.32,24.48%,94.67%,5.33%,3170.45,-1.99%,10320.23,-6.30%,7013.54,28.43%,2001.16,35.97%
2015-09-09,1.2871,128705339.18,28.71%,94.84%,5.16%,3243.09,0.26%,10620.13,-3.58%,7214.29,32.10%,2071.72,40.76%
2015-09-10,1.2695,126953447.91,26.95%,94.77%,5.23%,3197.89,-1.14%,10424.65,-5.36%,7067.39,29.41%,2039.12,38.55%
2015-09-11,1.2827,128268851.34,28.27%,94.83%,5.17%,3200.23,-1.06%,10463.69,-5.00%,7094.41,29.91%,2060.51,40.00%
2015-09-14,1.2044,120440045.98,20.44%,94.49%,5.51%,3114.80,-3.71%,9778.23,-11.22%,6583.04,20.54%,1906.21,29.52%
2015-09-15,1.1456,114559915.89,14.56%,94.28%,5.72%,3005.17,-7.10%,9290.81,-15.65%,6241.24,14.28%,1797.56,22.14%
2015-09-16,1.2159,121586604.19,21.59%,94.67%,5.33%,3152.26,-2.55%,9890.43,-10.21%,6667.58,22.09%,1926.25,30.88%
2015-09-17,1.1981,119813424.22,19.81%,94.59%,5.41%,3086.06,-4.59%,9739.89,-11.57%,6559.54,20.11%,1933.30,31.36%
2015-09-18,1.2130,121303079.38,21.30%,94.69%,5.31%,3097.92,-4.23%,9850.77,-10.57%,6615.39,21.13%,1983.30,34.76%
2015-09-21,1.2532,125324862.38,25.32%,94.89%,5.11%,3156.54,-2.42%,10176.73,-7.61%,6865.58,25.72%,2079.06,41.26%
2015-09-22,1.2614,126138904.66,26.14%,94.93%,5.07%,3185.62,-1.52%,10238.69,-7.04%,6941.16,27.10%,2078.72,41.24%
2015-09-23,1.2509,125094489.70,25.09%,94.88%,5.12%,3115.89,-3.67%,10132.30,-8.01%,6861.66,25.64%,2077.99,41.19%
2015-09-24,1.2681,126807248.79,26.81%,94.95%,5.05%,3142.69,-2.84%,10238.04,-7.05%,6939.56,27.07%,2106.59,43.13%
2015-09-25,1.2271,122711729.29,22.71%,94.78%,5.22%,3092.35,-4.40%,9904.76,-10.08%,6708.31,22.84%,2020.97,37.32%
2015-09-28,1.2522,125222905.44,25.22%,94.92%,5.08%,3100.76,-4.14%,10115.55,-8.16%,6850.12,25.43%,2122.26,44.20%
2015-09-29,1.2330,123299518.25,23.30%,94.83%,5.17%,3038.14,-6.08%,9949.92,-9.67%,6743.21,23.48%,2098.57,42.59%
2015-09-30,1.2352,123517061.25,23.52%,94.84%,5.16%,3052.78,-5.62%,9988.25,-9.32%,6779.70,24.14%,2082.67,41.51%
2015-10-08,1.2811,128106513.33,28.11%,95.03%,4.97%,3143.36,-2.82%,10394.73,-5.63%,7038.18,28.88%,2190.31,48.82%
2015-10-09,1.3000,129998819.95,30.00%,95.10%,4.90%,3183.15,-1.59%,10540.19,-4.31%,7133.52,30.62%,2216.66,50.61%
2015-10-12,1.3505,135048442.12,35.05%,95.28%,4.72%,3287.66,1.64%,10961.36,-0.48%,7428.18,36.02%,2316.78,57.42%
2015-10-13,1.3681,136807695.28,36.81%,95.34%,4.66%,3293.23,1.81%,11042.13,0.25%,7480.37,36.97%,2342.04,59.13%
2015-10-14,1.3528,135276549.97,35.28%,95.29%,4.71%,3262.44,0.86%,10901.48,-1.03%,7399.97,35.50%,2305.00,56.62%
2015-10-15,1.3928,139275788.73,39.28%,95.42%,4.58%,3338.07,3.20%,11229.38,1.95%,7628.35,39.68%,2404.53,63.38%
2015-10-16,1.4135,141353287.35,41.35%,95.49%,4.51%,3391.35,4.84%,11374.83,3.27%,7710.47,41.19%,2449.03,66.40%
2015-10-19,1.4148,141478515.27,41.48%,95.52%,4.48%,3386.70,4.70%,11391.01,3.42%,7703.73,41.06%,2433.60,65.35%
2015-10-20,1.4412,144115241.59,44.12%,95.60%,4.40%,3425.33,5.89%,11597.08,5.29%,7875.64,44.21%,2511.16,70.62%
2015-10-21,1.3581,135805987.13,35.81%,95.33%,4.67%,3320.68,2.66%,10915.99,-0.90%,7411.85,35.72%,2344.74,59.32%
2015-10-22,1.4080,140802946.57,40.80%,95.50%,4.50%,3368.74,4.14%,11305.10,2.64%,7671.75,40.48%,2458.14,67.02%
2015-10-23,1.4503,145029032.52,45.03%,95.63%,4.37%,3412.43,5.50%,11603.46,5.35%,7823.71,43.26%,2538.38,72.47%
2015-10-26,1.4608,146081612.58,46.08%,95.66%,4.34%,3429.58,6.03%,11687.77,6.11%,7889.24,44.46%,2527.48,71.73%
2015-10-27,1.4709,147092508.12,47.09%,95.69%,4.31%,3434.34,6.17%,11758.41,6.75%,7928.62,45.18%,2563.96,74.21%
2015-10-28,1.4402,144022616.90,44.02%,95.60%,4.40%,3375.20,4.34%,11494.35,4.36%,7724.00,41.43%,2485.24,68.86%
2015-10-29,1.4540,145399272.47,45.40%,95.64%,4.36%,3387.32,4.72%,11566.66,5.01%,7771.85,42.31%,2485.28,68.86%
2015-10-30,1.4516,145159310.11,45.16%,95.63%,4.37%,3382.56,4.57%,11546.05,4.82%,7795.91,42.75%,2478.28,68.39%
2015-11-02,1.4187,141866003.37,41.87%,95.53%,4.47%,3325.08,2.80%,11304.88,2.64%,7647.00,40.02%,2432.04,65.25%
2015-11-03,1.4168,141682145.78,41.68%,95.52%,4.48%,3316.70,2.54%,11288.14,2.48%,7630.68,39.73%,2429.27,65.06%
2015-11-04,1.4840,148403474.54,48.40%,95.73%,4.27%,3459.64,6.95%,11884.90,7.90%,8039.35,47.21%,2584.32,75.59%
2015-11-05,1.4857,148565450.17,48.57%,95.73%,4.27%,3522.82,8.91%,11939.81,8.40%,8032.87,47.09%,2564.72,74.26%
2015-11-06,1.5212,152115009.25,52.12%,95.83%,4.17%,3590.03,10.99%,12273.35,11.43%,8265.50,51.35%,2661.41,80.83%
2015-11-09,1.5460,154602392.00,54.60%,95.90%,4.10%,3646.88,12.74%,12453.24,13.06%,8406.66,53.93%,2724.62,85.13%
2015-11-10,1.5594,155936937.17,55.94%,95.93%,4.07%,3640.49,12.55%,12500.53,13.49%,8443.87,54.62%,2746.61,86.62%
2015-11-11,1.5878,158783223.13,58.78%,96.00%,4.00%,3650.25,12.85%,12677.54,15.10%,8554.57,56.64%,2804.68,90.57%
2015-11-12,1.5916,159164923.56,59.16%,96.01%,3.99%,3632.90,12.31%,12635.39,14.71%,8534.12,56.27%,2783.30,89.11%
2015-11-13,1.5641,156413444.93,56.41%,95.94%,4.06%,3580.84,10.70%,12402.04,12.60%,8345.62,52.82%,2710.16,84.14%
2015-11-16,1.6013,160133554.73,60.13%,96.04%,3.96%,3606.96,11.51%,12620.38,14.58%,8513.25,55.89%,2797.16,90.06%
2015-11-17,1.5903,159034268.68,59.03%,96.01%,3.99%,3604.80,11.44%,12511.55,13.59%,8447.51,54.68%,2717.05,84.61%
2015-11-18,1.5656,156563257.65,56.56%,95.95%,4.05%,3568.47,10.32%,12283.76,11.52%,8266.70,51.37%,2661.17,80.82%
2015-11-19,1.6091,160906509.02,60.91%,96.06%,3.94%,3617.06,11.82%,12609.84,14.48%,8519.07,55.99%,2770.75,88.26%
2015-11-20,1.6370,163703034.50,63.70%,96.12%,3.88%,3630.50,12.24%,12702.03,15.32%,8580.41,57.12%,2800.15,90.26%
2015-11-23,1.6268,162675080.34,62.68%,96.10%,3.90%,3610.31,11.61%,12586.69,14.27%,8532.51,56.24%,2770.58,88.25%
2015-11-24,1.6439,164389475.81,64.39%,96.14%,3.86%,3616.11,11.79%,12694.86,15.25%,8613.71,57.73%,2816.05,91.34%
2015-11-25,1.6784,167836227.51,67.84%,96.22%,3.78%,3647.93,12.78%,12893.23,17.06%,8754.11,60.30%,2897.57,96.88%
2015-11-26,1.6726,167261442.88,67.26%,96.21%,3.79%,3635.55,12.39%,12767.50,15.91%,8655.05,58.48%,2833.20,92.50%
2015-11-27,1.5762,157621785.47,57.62%,95.97%,4.03%,3436.30,6.23%,11961.70,8.60%,8096.45,48.25%,2649.55,80.03%
2015-11-30,1.5879,158786415.47,58.79%,96.00%,4.00%,3445.40,6.51%,12037.86,9.29%,8163.04,49.47%,2672.58,81.59%
2015-12-01,1.5859,158593363.93,58.59%,96.00%,4.00%,3456.31,6.85%,12081.17,9.68%,8163.04,49.47%,2655.35,80.42%
2015-12-02,1.5694,156940400.22,56.94%,95.96%,4.04%,3536.91,9.34%,12186.27,10.64%,8183.64,49.85%,2613.26,77.56%
2015-12-03,1.6093,160927616.22,60.93%,96.06%,3.94%,3584.82,10.82%,12447.38,13.01%,8346.63,52.84%,2708.12,84.01%
2015-12-04,1.6087,160865740.86,60.87%,96.06%,3.94%,3524.99,8.98%,12329.18,11.93%,8235.21,50.80%,2692.16,82.92%
2015-12-07,1.6330,163296070.42,63.30%,96.11%,3.89%,3536.93,9.34%,12443.05,12.97%,8316.88,52.29%,2738.15,86.05%
2015-12-08,1.6064,160635606.33,60.64%,96.05%,3.95%,3470.07,7.28%,12164.97,10.44%,8139.18,49.04%,2691.66,82.89%
2015-12-09,1.6028,160283236.31,60.28%,96.04%,3.96%,3472.44,7.35%,12179.83,10.58%,8115.75,48.61%,2667.91,81.27%
2015-12-10,1.5998,159979279.77,59.98%,96.03%,3.97%,3455.50,6.83%,12181.03,10.59%,8134.48,48.95%,2695.51,83.15%
2015-12-11,1.5848,158479810.03,58.48%,96.00%,4.00%,3434.58,6.18%,12134.02,10.16%,8082.68,48.00%,2671.29,81.50%
2015-12-14,1.6113,161126295.35,61.13%,96.06%,3.94%,3520.67,8.84%,12400.59,12.58%,8259.69,51.24%,2709.27,84.08%
2015-12-15,1.6334,163337784.03,63.34%,96.12%,3.88%,3510.35,8.52%,12495.25,13.44%,8323.42,52.41%,2745.70,86.56%
2015-12-16,1.6468,164679734.05,64.68%,96.15%,3.85%,3516.19,8.70%,12511.03,13.59%,8344.34,52.79%,2763.11,87.74%
2015-12-17,1.6914,169140950.36,69.14%,96.25%,3.75%,3580.00,10.68%,12825.48,16.44%,8512.48,55.87%,2835.70,92.67%
2015-12-18,1.6879,168793194.53,68.79%,96.24%,3.76%,3578.96,10.64%,12830.25,16.48%,8478.87,55.26%,2830.26,92.30%
2015-12-21,1.7012,170121016.60,70.12%,96.27%,3.73%,3642.47,12.61%,13028.31,18.28%,8573.70,56.99%,2829.92,92.28%
2015-12-22,1.7173,171731572.03,71.73%,96.31%,3.69%,3651.77,12.89%,13139.13,19.29%,8652.63,58.44%,2839.85,92.96%
2015-12-23,1.6946,169457557.01,69.46%,96.26%,3.74%,3636.09,12.41%,13007.87,18.10%,8556.13,56.67%,2783.94,89.16%
2015-12-24,1.6939,169393400.98,69.39%,96.25%,3.75%,3612.49,11.68%,12932.37,17.41%,8517.33,55.96%,2795.78,89.96%
2015-12-25,1.7087,170866014.06,70.87%,96.29%,3.71%,3627.91,12.16%,12980.57,17.85%,8565.71,56.85%,2794.73,89.89%
2015-12-28,1.6744,167440623.07,67.44%,96.21%,3.79%,3533.78,9.25%,12686.34,15.18%,8392.67,53.68%,2735.49,85.87%
2015-12-29,1.6922,169223329.46,69.22%,96.25%,3.75%,3563.74,10.17%,12806.16,16.27%,8467.38,55.05%,2749.82,86.84%
2015-12-30,1.7128,171277762.82,71.28%,96.30%,3.70%,3572.88,10.46%,12889.83,17.02%,8542.20,56.42%,2779.51,88.86%
2015-12-31,1.6858,168578720.60,68.58%,96.24%,3.76%,3539.18,9.41%,12664.89,14.98%,8393.83,53.70%,2714.05,84.41%
2016-01-04,1.5523,155226723.87,55.23%,95.91%,4.09%,3296.26,1.90%,11626.04,5.55%,7703.18,41.05%,2491.24,69.27%
2016-01-05,1.5180,151799126.67,51.80%,95.82%,4.18%,3287.71,1.64%,11468.06,4.12%,7604.33,39.24%,2416.73,64.21%
2016-01-06,1.5580,155798958.43,55.80%,95.93%,4.07%,3361.84,3.93%,11724.88,6.45%,7747.72,41.87%,2468.37,67.72%
2016-01-07,1.4327,143274506.37,43.27%,95.58%,4.42%,3125.00,-3.39%,10760.27,-2.31%,7113.52,30.26%,2256.52,53.32%
2016-01-08,1.4411,144113723.22,44.11%,95.60%,4.40%,3186.41,-1.49%,10888.91,-1.14%,7200.29,31.84%,2248.99,52.81%
2016-01-11,1.3435,134346261.55,34.35%,95.28%,4.72%,3016.70,-6.74%,10212.46,-7.28%,6745.31,23.51%,2106.36,43.12%
2016-01-12,1.3396,133962956.55,33.96%,95.27%,4.73%,3022.86,-6.55%,10293.70,-6.55%,6810.77,24.71%,2147.53,45.92%
2016-01-13,1.2905,129054614.54,29.05%,95.09%,4.91%,2949.60,-8.81%,9978.82,-9.40%,6602.31,20.90%,2059.78,39.95%
2016-01-14,1.3352,133523808.60,33.52%,95.25%,4.75%,3007.65,-7.02%,10344.94,-6.08%,6842.09,25.29%,2175.01,47.78%
2016-01-15,1.2900,129003541.04,29.00%,95.09%,4.91%,2900.97,-10.32%,9997.93,-9.23%,6632.11,21.44%,2112.90,43.56%
2016-01-18,1.3169,131686516.21,31.69%,95.19%,4.81%,2913.84,-9.92%,10155.96,-7.80%,6741.68,23.45%,2174.93,47.78%
2016-01-19,1.3659,136589498.36,36.59%,95.36%,4.64%,3007.74,-7.02%,10501.79,-4.66%,6971.63,27.66%,2241.70,52.31%
2016-01-20,1.3572,135722688.06,35.72%,95.33%,4.67%,2976.69,-7.98%,10366.85,-5.88%,6876.36,25.91%,2204.65,49.80%
2016-01-21,1.3023,130230689.27,30.23%,95.13%,4.87%,2880.48,-10.95%,9975.97,-9.43%,6632.85,21.45%,2112.40,43.53%
2016-01-22,1.3221,132207185.08,32.21%,95.21%,4.79%,2916.56,-9.83%,10111.57,-8.20%,6700.96,22.70%,2149.59,46.06%
2016-01-25,1.3385,133850279.66,33.85%,95.27%,4.73%,2938.51,-9.16%,10192.53,-7.46%,6760.55,23.79%,2158.82,46.68%
2016-01-26,1.2448,124479385.58,24.48%,94.92%,5.08%,2749.79,-14.99%,9483.55,-13.90%,6304.52,15.44%,1994.05,35.49%
2016-01-27,1.2294,122942690.77,22.94%,94.85%,5.15%,2735.56,-15.43%,9422.43,-14.46%,6256.08,14.56%,1997.47,35.72%
2016-01-28,1.1759,117592995.14,17.59%,94.62%,5.38%,2655.66,-17.90%,9082.59,-17.54%,6047.35,10.73%,1906.46,29.54%
2016-01-29,1.2170,121698306.98,21.70%,94.80%,5.20%,2737.60,-15.37%,9418.20,-14.49%,6272.91,14.86%,1994.07,35.49%
2016-02-01,1.2021,120205410.52,20.21%,94.74%,5.26%,2688.85,-16.87%,9322.01,-15.37%,6201.99,13.57%,1992.70,35.40%
2016-02-02,1.2445,124450172.21,24.45%,94.92%,5.08%,2749.57,-15.00%,9610.93,-12.74%,6391.59,17.04%,2075.29,41.01%
2016-02-03,1.2525,125246682.74,25.25%,94.95%,5.05%,2739.25,-15.32%,9638.87,-12.49%,6398.52,17.16%,2090.51,42.04%
2016-02-04,1.2786,127863666.06,27.86%,95.06%,4.94%,2781.02,-14.02%,9793.07,-11.09%,6484.77,18.74%,2126.64,44.50%
2016-02-05,1.2665,126652895.87,26.65%,95.02%,4.98%,2763.49,-14.57%,9673.48,-12.18%,6399.22,17.18%,2096.99,42.48%
2016-02-15,1.2684,126835482.07,26.84%,95.03%,4.97%,2746.20,-15.10%,9668.85,-12.22%,6400.88,17.21%,2116.84,43.83%
2016-02-16,1.3204,132044955.16,32.04%,95.23%,4.77%,2836.57,-12.31%,10045.37,-8.80%,6643.88,21.66%,2201.93,49.61%
2016-02-17,1.3396,133958568.52,33.96%,95.29%,4.71%,2867.34,-11.36%,10161.77,-7.74%,6727.22,23.18%,2215.34,50.52%
2016-02-18,1.3366,133659465.09,33.66%,95.28%,4.72%,2862.89,-11.49%,10116.40,-8.15%,6687.46,22.45%,2190.91,48.86%
2016-02-19,1.3442,134421162.15,34.42%,95.31%,4.69%,2860.02,-11.58%,10162.32,-7.74%,6714.98,22.96%,2211.01,50.23%
2016-02-22,1.3713,137128280.66,37.13%,95.40%,4.60%,2927.18,-9.51%,10370.99,-5.84%,6843.93,25.32%,2245.56,52.58%
2016-02-23,1.3648,136479641.72,36.48%,95.38%,4.62%,2903.33,-10.24%,10299.67,-6.49%,6798.58,24.49%,2218.12,50.71%
2016-02-24,1.3691,136912953.55,36.91%,95.40%,4.60%,2928.90,-9.45%,10307.63,-6.42%,6784.10,24.22%,2203.74,49.74%
2016-02-25,1.2668,126684950.49,26.68%,95.02%,4.98%,2741.25,-15.25%,9551.08,-13.29%,6284.62,15.08%,2037.14,38.42%
2016-02-26,1.2625,126251830.36,26.25%,95.01%,4.99%,2767.21,-14.45%,9573.70,-13.08%,6304.22,15.44%,2014.92,36.91%
2016-02-29,1.1904,119038882.84,19.04%,94.70%,5.30%,2687.98,-16.90%,9097.36,-17.41%,5998.28,9.83%,1880.15,27.75%
2016-03-01,1.2151,121508348.27,21.51%,94.81%,5.19%,2733.17,-15.50%,9322.00,-15.37%,6138.75,12.41%,1934.92,31.47%
2016-03-02,1.2722,127219986.78,27.22%,95.04%,4.96%,2849.68,-11.90%,9766.37,-11.33%,6399.49,17.18%,2017.60,37.09%
2016-03-03,1.2748,127482248.61,27.48%,95.05%,4.95%,2859.76,-11.59%,9762.01,-11.37%,6404.89,17.28%,2007.08,36.37%
2016-03-04,1.2324,123236092.63,23.24%,94.88%,5.12%,2874.15,-11.15%,9536.71,-13.42%,6261.24,14.65%,1907.04,29.58%
2016-03-07,1.2607,126065571.01,26.07%,95.00%,5.00%,2897.34,-10.43%,9703.83,-11.90%,6352.88,16.33%,1953.33,32.72%
2016-03-08,1.2704,127043382.65,27.04%,95.04%,4.96%,2901.39,-10.30%,9732.73,-11.64%,6358.05,16.42%,2002.19,36.04%
2016-03-09,1.2440,124399860.68,24.40%,94.93%,5.07%,2862.56,-11.50%,9523.14,-13.54%,6242.93,14.31%,1970.81,33.91%
2016-03-10,1.2238,122380966.52,22.38%,94.85%,5.15%,2804.73,-13.29%,9390.35,-14.75%,6159.34,12.78%,1936.97,31.61%
2016-03-11,1.2203,122034001.56,22.03%,94.83%,5.17%,2810.31,-13.12%,9363.41,-14.99%,6140.84,12.45%,1934.87,31.47%
2016-03-14,1.2638,126375287.35,26.38%,95.01%,4.99%,2859.50,-11.60%,9665.13,-12.25%,6335.97,16.02%,2023.13,37.46%
2016-03-15,1.2551,125512896.44,25.51%,94.97%,5.03%,2864.37,-11.45%,9574.19,-13.08%,6273.01,14.87%,1996.92,35.68%
2016-03-16,1.2444,124437735.80,24.44%,94.93%,5.07%,2870.43,-11.26%,9469.03,-14.03%,6199.73,13.52%,1977.54,34.37%
2016-03-17,1.2868,128683078.17,28.68%,95.10%,4.90%,2904.83,-10.20%,9791.85,-11.10%,6410.73,17.39%,2087.29,41.82%
2016-03-18,1.3331,133312646.87,33.31%,95.27%,4.73%,2955.15,-8.64%,10126.59,-8.06%,6632.24,21.44%,2177.87,47.98%
2016-03-21,1.3678,136776597.78,36.78%,95.39%,4.61%,3018.80,-6.67%,10394.14,-5.63%,6801.93,24.55%,2227.03,51.32%
2016-03-22,1.3660,136600878.35,36.60%,95.38%,4.62%,2999.36,-7.27%,10344.08,-6.09%,6811.99,24.73%,2221.70,50.96%
2016-03-23,1.3805,138052368.71,38.05%,95.43%,4.57%,3009.96,-6.95%,10442.38,-5.20%,6887.85,26.12%,2259.11,53.50%
2016-03-24,1.3624,136242397.47,36.24%,95.37%,4.63%,2960.97,-8.46%,10283.68,-6.64%,6777.17,24.10%,2219.77,50.82%
2016-03-25,1.3723,137227212.77,37.23%,95.40%,4.60%,2979.43,-7.89%,10339.68,-6.13%,6812.94,24.75%,2216.09,50.57%
2016-03-28,1.3657,136568699.85,36.57%,95.38%,4.62%,2957.82,-8.56%,10276.84,-6.70%,6750.74,23.61%,2199.69,49.46%
2016-03-29,1.3399,133986201.89,33.99%,95.29%,4.71%,2919.83,-9.73%,10094.71,-8.35%,6638.84,21.56%,2152.55,46.26%
2016-03-30,1.3880,138797831.65,38.80%,95.45%,4.55%,3000.64,-7.24%,10445.69,-5.17%,6875.67,25.90%,2248.78,52.80%
2016-03-31,1.3926,139257223.84,39.26%,95.47%,4.53%,3003.92,-7.13%,10455.37,-5.08%,6864.80,25.70%,2238.29,52.08%
2016-04-01,1.3864,138640074.01,38.64%,95.45%,4.55%,3009.53,-6.96%,10379.65,-5.76%,6799.11,24.50%,2205.37,49.85%
2016-04-05,1.4233,142332645.09,42.33%,95.56%,4.44%,3053.07,-5.61%,10640.27,-3.40%,6975.49,27.73%,2279.52,54.88%
2016-04-06,1.4314,143143464.04,43.14%,95.59%,4.41%,3050.59,-5.69%,10683.86,-3.00%,7012.32,28.40%,2297.04,56.07%
2016-04-07,1.4100,140996703.00,41.00%,95.52%,4.48%,3008.42,-6.99%,10504.88,-4.63%,6871.48,25.82%,2248.68,52.79%
2016-04-08,1.3986,139855495.22,39.86%,95.48%,4.52%,2984.96,-7.72%,10413.54,-5.46%,6830.38,25.07%,2229.93,51.51%
2016-04-11,1.4272,142719026.72,42.72%,95.57%,4.43%,3033.96,-6.20%,10609.60,-3.68%,6943.45,27.14%,2283.14,55.13%
2016-04-12,1.4181,141805844.15,41.81%,95.54%,4.46%,3023.65,-6.52%,10533.41,-4.37%,6893.31,26.22%,2264.02,53.83%
2016-04-13,1.4368,143680731.83,43.68%,95.60%,4.40%,3066.64,-5.19%,10684.92,-2.99%,6985.26,27.91%,2294.02,55.87%
2016-04-14,1.4526,145263161.77,45.26%,95.65%,4.35%,3082.36,-4.71%,10771.61,-2.21%,7040.49,28.92%,2324.39,57.93%
2016-04-15,1.4548,145477553.24,45.48%,95.66%,4.34%,3078.12,-4.84%,10733.64,-2.55%,7011.92,28.40%,2309.68,56.93%
2016-04-18,1.4367,143667748.28,43.67%,95.60%,4.40%,3033.66,-6.21%,10568.93,-4.05%,6878.18,25.95%,2265.59,53.94%
2016-04-19,1.4427,144268469.10,44.27%,95.62%,4.38%,3042.82,-5.93%,10602.46,-3.74%,6894.25,26.24%,2272.52,54.41%
2016-04-20,1.3786,137857285.48,37.86%,95.41%,4.59%,2972.58,-8.10%,10164.74,-7.72%,6620.66,21.23%,2145.24,45.76%
2016-04-21,1.3618,136183245.91,36.18%,95.36%,4.64%,2952.89,-8.71%,10058.80,-8.68%,6553.73,20.01%,2110.16,43.38%
2016-04-22,1.3742,137416661.55,37.42%,95.40%,4.60%,2959.24,-8.51%,10151.76,-7.83%,6611.61,21.07%,2136.92,45.19%
2016-04-25,1.3690,136899415.75,36.90%,95.38%,4.62%,2946.67,-8.90%,10106.79,-8.24%,6595.64,20.77%,2126.83,44.51%
2016-04-26,1.3866,138656645.33,38.66%,95.44%,4.56%,2964.70,-8.35%,10209.90,-7.31%,6656.76,21.89%,2155.70,46.47%
2016-04-27,1.3844,138436739.64,38.44%,95.43%,4.57%,2953.67,-8.69%,10174.16,-7.63%,6625.58,21.32%,2146.61,45.85%
2016-04-28,1.3814,138136766.31,38.14%,95.41%,4.59%,2945.59,-8.94%,10149.91,-7.85%,6611.79,21.07%,2155.23,46.44%
2016-04-29,1.3817,138168214.73,38.17%,95.41%,4.59%,2938.32,-9.16%,10141.54,-7.93%,6616.83,21.16%,2138.74,45.32%
2016-05-03,1.4207,142066370.39,42.07%,95.53%,4.47%,2992.64,-7.48%,10441.92,-5.20%,6812.15,24.74%,2217.23,50.65%
2016-05-04,1.4220,142196116.20,42.20%,95.53%,4.47%,2991.27,-7.52%,10422.80,-5.37%,6804.80,24.60%,2211.02,50.23%
2016-05-05,1.4307,143071293.11,43.07%,95.56%,4.44%,2997.84,-7.32%,10474.01,-4.91%,6825.51,24.98%,2224.10,51.12%
2016-05-06,1.3766,137663151.85,37.66%,95.37%,4.63%,2913.25,-9.94%,10100.54,-8.30%,6563.62,20.19%,2129.19,44.67%
2016-05-09,1.3211,132107560.68,32.11%,95.18%,4.82%,2832.11,-12.45%,9790.48,-11.11%,6390.90,17.02%,2053.60,39.53%
2016-05-10,1.3175,131746809.81,31.75%,95.16%,4.84%,2832.59,-12.43%,9793.21,-11.09%,6400.16,17.19%,2054.22,39.58%
2016-05-11,1.3069,130691892.35,30.69%,95.12%,4.88%,2837.04,-12.29%,9781.15,-11.20%,6390.86,17.02%,2034.93,38.27%
2016-05-12,1.3042,130421258.00,30.42%,95.10%,4.90%,2835.86,-12.33%,9796.58,-11.06%,6426.77,17.68%,2034.57,38.24%
2016-05-13,1.3012,130115769.26,30.12%,95.08%,4.92%,2827.11,-12.60%,9759.27,-11.40%,6398.49,17.16%,2025.22,37.61%
2016-05-16,1.3249,132485036.84,32.49%,95.17%,4.83%,2850.86,-11.87%,9910.08,-10.03%,6512.53,19.25%,2057.86,39.82%
2016-05-17,1.3234,132342968.88,32.34%,95.15%,4.85%,2843.68,-12.09%,9908.79,-10.04%,6505.02,19.11%,2081.44,41.43%
2016-05-18,1.2849,128485391.58,28.49%,95.00%,5.00%,2807.51,-13.21%,9694.78,-11.98%,6366.70,16.58%,2020.48,37.28%
2016-05-19,1.2922,129216563.02,29.22%,95.02%,4.98%,2806.91,-13.22%,9733.74,-11.63%,6379.46,16.81%,2037.40,38.43%
2016-05-20,1.3050,130498068.15,30.50%,95.06%,4.94%,2825.48,-12.65%,9816.75,-10.88%,6433.56,17.81%,2065.30,40.33%
2016-05-23,1.3253,132525042.98,32.53%,95.13%,4.87%,2843.65,-12.09%,9918.16,-9.95%,6484.90,18.75%,2098.23,42.57%
2016-05-24,1.3136,131355766.51,31.36%,95.08%,4.92%,2821.67,-12.77%,9821.70,-10.83%,6420.26,17.56%,2075.51,41.02%
2016-05-25,1.3096,130959048.42,30.96%,95.06%,4.94%,2815.09,-12.97%,9784.60,-11.17%,6403.62,17.26%,2067.25,40.46%
2016-05-26,1.3156,131557645.95,31.56%,95.08%,4.92%,2822.44,-12.74%,9826.14,-10.79%,6426.31,17.67%,2086.01,41.74%
2016-05-27,1.3150,131495681.51,31.50%,95.07%,4.93%,2821.05,-12.79%,9813.63,-10.90%,6420.72,17.57%,2069.89,40.64%
2016-05-30,1.3091,130907213.43,30.91%,95.04%,4.96%,2822.45,-12.74%,9768.84,-11.31%,6383.64,16.89%,2058.52,39.87%
2016-05-31,1.3592,135924660.99,35.92%,95.21%,4.79%,2916.62,-9.83%,10159.93,-7.76%,6653.51,21.83%,2159.80,46.75%
2016-06-01,1.3697,136965849.74,36.97%,95.24%,4.76%,2913.51,-9.93%,10209.14,-7.31%,6693.93,22.57%,2168.82,47.36%
2016-06-02,1.3828,138283802.70,38.28%,95.28%,4.72%,2925.23,-9.57%,10274.03,-6.72%,6734.03,23.31%,2188.56,48.70%
2016-06-03,1.3869,138686514.92,38.69%,95.29%,4.71%,2938.68,-9.15%,10344.91,-6.08%,6802.30,24.56%,2204.97,49.82%
2016-06-06,1.3923,139226974.12,39.23%,95.30%,4.70%,2934.10,-9.29%,10363.09,-5.92%,6839.81,25.24%,2199.30,49.43%
2016-06-07,1.3939,139388496.46,39.39%,95.30%,4.70%,2936.04,-9.23%,10347.84,-6.05%,6820.27,24.89%,2196.73,49.26%
2016-06-08,1.3919,139185481.52,39.19%,95.27%,4.73%,2927.16,-9.51%,10316.82,-6.34%,6809.42,24.69%,2186.54,48.57%
2016-06-13,1.3276,132759468.20,32.76%,95.04%,4.96%,2833.07,-12.42%,9862.58,-10.46%,6495.61,18.94%,2054.71,39.61%
2016-06-14,1.3324,133238454.60,33.24%,95.05%,4.95%,2842.19,-12.13%,9895.15,-10.16%,6518.60,19.36%,2058.31,39.85%
2016-06-15,1.3752,137524681.16,37.52%,95.20%,4.80%,2887.21,-10.74%,10173.85,-7.63%,6710.72,22.88%,2128.80,44.64%
2016-06-16,1.3764,137638011.48,37.64%,95.19%,4.81%,2872.82,-11.19%,10115.12,-8.17%,6671.66,22.17%,2101.42,42.78%
2016-06-17,1.3848,138484931.06,38.48%,95.21%,4.79%,2885.11,-10.81%,10182.53,-7.55%,6720.07,23.05%,2122.89,44.24%
2016-06-20,1.3879,138793875.20,38.79%,95.21%,4.79%,2888.81,-10.69%,10221.85,-7.20%,6752.48,23.65%,2119.63,44.02%
2016-06-21,1.3740,137401043.78,37.40%,95.15%,4.85%,2878.56,-11.01%,10131.86,-8.01%,6698.01,22.65%,2092.00,42.14%
2016-06-22,1.3962,139624053.29,39.62%,95.22%,4.78%,2905.55,-10.17%,10297.98,-6.51%,6801.21,24.54%,2144.82,45.73%
2016-06-23,1.3923,139231051.49,39.23%,95.20%,4.80%,2891.96,-10.59%,10255.27,-6.89%,6759.77,23.78%,2137.49,45.23%
2016-06-24,1.3818,138181185.65,38.18%,95.15%,4.85%,2854.29,-11.76%,10147.70,-7.87%,6658.70,21.93%,2127.36,44.55%